name,CMC,Type,Color,Set,Collector Number,Rarity,Color Category,status,Finish,maybeboard,image URL,image Back URL,tags,Notes,MTGO ID
"Healer's Hawk",1,"Creature - Bird",W,"fdn","142",common,White,Not Owned,Non-foil,false,,,"","",133310
"Healer's Hawk",1,"Creature - Bird",W,"fdn","142",common,White,Not Owned,Non-foil,false,,,"","",133310
"Hinterland Sanctifier",1,"Creature - Rabbit Cleric",W,"fdn","730",common,White,Not Owned,Non-foil,false,,,"","",134902
"Leonin Vanguard",1,"Creature - Cat Soldier",W,"fdn","499",uncommon,White,Not Owned,Non-foil,false,,,"","",134770
"Ajani's Pridemate",2,"Creature - Cat Soldier",W,"fdn","135",uncommon,White,Not Owned,Non-foil,false,,,"","",133296
"Cathar Commando",2,"Creature - Human Soldier",W,"fdn","139",common,White,Not Owned,Non-foil,false,,,"","",133304
"Charming Prince",2,"Creature - Human Noble",W,"fdn","568",rare,White,Not Owned,Non-foil,false,,,"","",134472
"Dawnwing Marshal",2,"Creature - Cat Soldier",W,"fdn","570",uncommon,White,Not Owned,Non-foil,false,,,"","",134476
"Giada, Font of Hope",2,"Legendary Creature - Angel",W,"fdn","141",rare,White,Not Owned,Non-foil,false,,,"","",133308
"Helpful Hunter",2,"Creature - Cat",W,"fdn","16",common,White,Not Owned,Non-foil,false,,,"","",133600
"Resolute Reinforcements",2,"Creature - Human Soldier",W,"fdn","145",uncommon,White,Not Owned,Non-foil,false,,,"","",133316
"Skyknight Squire",2,"Creature - Cat Scout",W,"fdn","23",rare,White,Not Owned,Non-foil,false,,,"","",133614
"Sun-Blessed Healer",2,"Creature - Human Cleric",W,"fdn","25",uncommon,White,Not Owned,Non-foil,false,,,"","",133618
"Youthful Valkyrie",2,"Creature - Angel",W,"fdn","149",uncommon,White,Not Owned,Non-foil,false,,,"","",133324
"Arahbo, the First Fang",3,"Legendary Creature - Cat Avatar",W,"fdn","2",rare,White,Not Owned,Non-foil,false,,,"","",133572
"Cat Collector",3,"Creature - Human Citizen",W,"fdn","4",uncommon,White,Not Owned,Non-foil,false,,,"","",133576
"Dauntless Veteran",3,"Creature - Human Soldier",W,"fdn","8",uncommon,White,Not Owned,Non-foil,false,,,"","",133584
"Dazzling Angel",3,"Creature - Angel",W,"fdn","9",common,White,Not Owned,Non-foil,false,,,"","",133586
"Inspiring Overseer",3,"Creature - Angel Cleric",W,"fdn","496",common,White,Not Owned,Non-foil,false,,,"","",134764
"Mentor of the Meek",3,"Creature - Human Soldier",W,"fdn","578",rare,White,Not Owned,Non-foil,false,,,"","",134492
"Prideful Parent",3,"Creature - Cat",W,"fdn","21",common,White,Not Owned,Non-foil,false,,,"","",133610
"Angel of Finality",4,"Creature - Angel",W,"fdn","136",uncommon,White,Not Owned,Non-foil,false,,,"","",133298
"Exemplar of Light",4,"Creature - Angel",W,"fdn","11",rare,White,Not Owned,Non-foil,false,,,"","",133590
"Felidar Savior",4,"Creature - Cat Beast",W,"fdn","12",common,White,Not Owned,Non-foil,false,,,"","",133592
"Jazal Goldmane",4,"Legendary Creature - Cat Warrior",W,"fdn","497",rare,White,Not Owned,Non-foil,false,,,"","",134766
"Twinblade Paladin",4,"Creature - Human Knight",W,"fdn","503",uncommon,White,Not Owned,Non-foil,false,,,"","",134778
"Vanguard Seraph",4,"Creature - Angel Warrior",W,"fdn","28",common,White,Not Owned,Non-foil,false,,,"","",133624
"Lyra Dawnbringer",5,"Legendary Creature - Angel",W,"fdn","707",mythic,White,Not Owned,Non-foil,false,,,"","",134424
"Regal Caracal",5,"Creature - Cat",W,"fdn","579",rare,White,Not Owned,Non-foil,false,,,"","",134494
"Serra Angel",5,"Creature - Angel",W,"fdn","147",uncommon,White,Not Owned,Non-foil,false,,,"","",133320
"Ancestor Dragon",6,"Creature - Dragon",W,"fdn","489",rare,White,Not Owned,Non-foil,false,,,"","",134750
"Herald of Eternal Dawn",7,"Creature - Angel",W,"fdn","17",mythic,White,Not Owned,Non-foil,false,,,"","",133602
"Ajani, Caller of the Pride",3,"Legendary Planeswalker - Ajani",W,"fdn","134",mythic,White,Not Owned,Non-foil,false,,,"","",133294
"Divine Resilience",1,"Instant",W,"fdn","10",uncommon,White,Not Owned,Non-foil,false,,,"","",133588
"Joust Through",1,"Instant",W,"fdn","19",uncommon,White,Not Owned,Non-foil,false,,,"","",133606
"Deadly Riposte",2,"Instant",W,"fdn","492",common,White,Not Owned,Non-foil,false,,,"","",134756
"Valorous Stance",2,"Instant",W,"fdn","583",uncommon,White,Not Owned,Non-foil,false,,,"","",134502
"Make a Stand",3,"Instant",W,"fdn","708",uncommon,White,Not Owned,Non-foil,false,,,"","",134426
"Make Your Move",3,"Instant",W,"fdn","143",common,White,Not Owned,Non-foil,false,,,"","",133312
"Stroke of Midnight",3,"Instant",W,"fdn","148",uncommon,White,Not Owned,Non-foil,false,,,"","",133322
"Claws Out",5,"Instant",W,"fdn","6",uncommon,White,Not Owned,Non-foil,false,,,"","",133580
"Luminous Rebuke",5,"Instant",W,"fdn","20",common,White,Not Owned,Non-foil,false,,,"","",133608
"Luminous Rebuke",5,"Instant",W,"fdn","20",common,White,Not Owned,Non-foil,false,,,"","",133608
"Day of Judgment",4,"Sorcery",W,"fdn","140",rare,White,Not Owned,Non-foil,false,,,"","",133306
"Fumigate",5,"Sorcery",W,"fdn","575",rare,White,Not Owned,Non-foil,false,,,"","",134486
"Celestial Armor",3,"Artifact - Equipment",W,"fdn","5",rare,White,Not Owned,Non-foil,false,,,"","",133578
"Pacifism",2,"Enchantment - Aura",W,"fdn","501",common,White,Not Owned,Non-foil,false,,,"","",134774
"Pacifism",2,"Enchantment - Aura",W,"fdn","501",common,White,Not Owned,Non-foil,false,,,"","",134774
"Banishing Light",3,"Enchantment",W,"fdn","138",common,White,Not Owned,Non-foil,false,,,"","",133302
"Stasis Snare",3,"Enchantment",W,"fdn","581",uncommon,White,Not Owned,Non-foil,false,,,"","",134498
"Angelic Destiny",4,"Enchantment - Aura",W,"fdn","565",mythic,White,Not Owned,Non-foil,false,,,"","",134466
"Felidar Retreat",4,"Enchantment",W,"fdn","574",rare,White,Not Owned,Non-foil,false,,,"","",134484
"Prayer of Binding",4,"Enchantment",W,"fdn","502",uncommon,White,Not Owned,Non-foil,false,,,"","",134776
"Valkyrie's Call",5,"Enchantment",W,"fdn","27",mythic,White,Not Owned,Non-foil,false,,,"","",133622
"Aegis Turtle",1,"Creature - Turtle",U,"iko","39",common,Blue,Not Owned,Non-foil,false,,,"","",80087
"Spectral Sailor",1,"Creature - Spirit Pirate",U,"m20","76",uncommon,Blue,Not Owned,Non-foil,false,,,"","",73051
"Brineborn Cutthroat",2,"Creature - Merfolk Pirate",U,"m20","50",uncommon,Blue,Not Owned,Non-foil,false,,,"","",72999
"Drake Hatcher",2,"Creature - Human Wizard",U,"fdn","306",rare,Blue,Not Owned,Non-foil,false,,,"","",133146
"Fog Bank",2,"Creature - Wall",U,"usg","75",uncommon,Blue,Not Owned,Non-foil,false,,,"","",12133
"Harbinger of the Tides",2,"Creature - Merfolk Wizard",U,"ori","58",rare,Blue,Not Owned,Non-foil,false,,,"","",57912
"Kitesail Corsair",2,"Creature - Human Pirate",U,"rix","41",common,Blue,Not Owned,Non-foil,false,,,"","",66535
"Mischievous Mystic",2,"Creature - Human Wizard",U,"fdn","47",uncommon,Blue,Not Owned,Non-foil,false,,,"","",133662
"Mystic Archaeologist",2,"Creature - Human Wizard",U,"fdn","511",rare,Blue,Not Owned,Non-foil,false,,,"","",134794
"Strix Lookout",2,"Creature - Bird",U,"fdn","52",common,Blue,Not Owned,Non-foil,false,,,"","",133672
"Corsair Captain",3,"Creature - Human Pirate",U,"jmp","11",rare,Blue,Not Owned,Non-foil,false,,,"","",81769
"Exclusion Mage",3,"Creature - Human Wizard",U,"m19","55",uncommon,Blue,Not Owned,Non-foil,false,,,"","",68271
"Gateway Sneak",3,"Creature - Vedalken Rogue",U,"rna","40",uncommon,Blue,Not Owned,Non-foil,false,,,"","",71080
"Kiora, the Rising Tide",3,"Legendary Creature - Merfolk Noble",U,"fdn","45",rare,Blue,Not Owned,Non-foil,false,,,"","",133658
"Rune-Sealed Wall",3,"Artifact Creature - Wall",U,"fdn","49",uncommon,Blue,Not Owned,Non-foil,false,,,"","",133666
"Storm Fleet Spy",3,"Creature - Human Pirate",U,"xln","84",uncommon,Blue,Not Owned,Non-foil,false,,,"","",65182
"Bigfin Bouncer",4,"Creature - Shark Pirate",U,"fdn","31",common,Blue,Not Owned,Non-foil,false,,,"","",133630
"Bigfin Bouncer",4,"Creature - Shark Pirate",U,"fdn","31",common,Blue,Not Owned,Non-foil,false,,,"","",133630
"High Fae Trickster",4,"Creature - Faerie Wizard",U,"fdn","40",rare,Blue,Not Owned,Non-foil,false,,,"","",133648
"Homunculus Horde",4,"Creature - Homunculus",U,"fdn","41",rare,Blue,Not Owned,Non-foil,false,,,"","",133650
"Micromancer",4,"Creature - Human Wizard",U,"dmu","57",uncommon,Blue,Not Owned,Non-foil,false,,,"","",102590
"Sphinx of Forgotten Lore",4,"Creature - Sphinx",U,"fdn","51",mythic,Blue,Not Owned,Non-foil,false,,,"","",133670
"Archmage of Runes",5,"Creature - Giant Wizard",U,"fdn","30",rare,Blue,Not Owned,Non-foil,false,,,"","",133628
"Shipwreck Dowser",5,"Creature - Merfolk Wizard",U,"m21","71",uncommon,Blue,Not Owned,Non-foil,false,,,"","",81369
"Skyship Buccaneer",5,"Creature - Human Pirate",U,"fdn","50",uncommon,Blue,Not Owned,Non-foil,false,,,"","",133668
"Voracious Greatshark",5,"Creature - Shark",U,"iko","70",rare,Blue,Not Owned,Non-foil,false,,,"","",80149
"Arcanis the Omnipotent",6,"Legendary Creature - Wizard",U,"ons","66",rare,Blue,Not Owned,Non-foil,false,,,"","",17871
"Curator of Destinies",6,"Creature - Sphinx",U,"fdn","305",rare,Blue,Not Owned,Non-foil,false,,,"","",133144
"Grappling Kraken",6,"Creature - Kraken",U,"fdn","39",uncommon,Blue,Not Owned,Non-foil,false,,,"","",133646
"Tolarian Terror",7,"Creature - Serpent",U,"dmu","72",common,Blue,Not Owned,Non-foil,false,,,"","",102620
"Kaito, Cunning Infiltrator",3,"Legendary Planeswalker - Kaito",U,"fdn","44",mythic,Blue,Not Owned,Non-foil,false,,,"","",133656
"Fleeting Distraction",1,"Instant",U,"roe","67",common,Blue,Not Owned,Non-foil,false,,,"","",36778
"Opt",1,"Instant",U,"fdn","512",common,Blue,Not Owned,Non-foil,false,,,"","",134796
"Unsummon",1,"Instant",U,"fdn","599",common,Blue,Not Owned,Non-foil,false,,,"","",134534
"Essence Scatter",2,"Instant",U,"m10","51",common,Blue,Not Owned,Non-foil,false,,,"","",32647
"Into the Roil",2,"Instant",U,"fdn","509",common,Blue,Not Owned,Non-foil,false,,,"","",134790
"Run Away Together",2,"Instant",U,"eld","62",common,Blue,Not Owned,Non-foil,false,,,"","",78236
"Think Twice",2,"Instant",U,"fdn","165",common,Blue,Not Owned,Non-foil,false,,,"","",133356
"Think Twice",2,"Instant",U,"fdn","165",common,Blue,Not Owned,Non-foil,false,,,"","",133356
"Cancel",3,"Instant",U,"fdn","505",common,Blue,Not Owned,Non-foil,false,,,"","",134782
"Faebloom Trick",3,"Instant",U,"fdn","38",uncommon,Blue,Not Owned,Non-foil,false,,,"","",133644
"Quick Study",3,"Instant",U,"woe","65",common,Blue,Not Owned,Non-foil,false,,,"","",116436
"Refute",3,"Instant",U,"fdn","313",common,Blue,Not Owned,Non-foil,false,,,"","",133160
"Refute",3,"Instant",U,"fdn","313",common,Blue,Not Owned,Non-foil,false,,,"","",133160
"Aetherize",4,"Instant",U,"gtc","29",uncommon,Blue,Not Owned,Non-foil,false,,,"","",47685
"Uncharted Voyage",4,"Instant",U,"fdn","53",common,Blue,Not Owned,Non-foil,false,,,"","",133674
"Arcane Epiphany",5,"Instant",U,"fdn","29",uncommon,Blue,Not Owned,Non-foil,false,,,"","",133626
"Chart a Course",2,"Sorcery",U,"xln","48",uncommon,Blue,Not Owned,Non-foil,false,,,"","",65108
"Finale of Revelation",2,"Sorcery",U,"war","51",mythic,Blue,Not Owned,Non-foil,false,,,"","",71708
"Rite of Replication",4,"Sorcery",U,"zen","61",rare,Blue,Not Owned,Non-foil,false,,,"","",34770
"River's Rebuke",6,"Sorcery",U,"xln","71",rare,Blue,Not Owned,Non-foil,false,,,"","",65154
"Witness Protection",1,"Enchantment - Aura",U,"snc","66",common,Blue,Not Owned,Non-foil,false,,,"","",98351
"Confiscate",6,"Enchantment - Aura",U,"fdn","709",uncommon,Blue,Not Owned,Non-foil,false,,,"","",134428
"Extravagant Replication",6,"Enchantment",U,"ncc","25",rare,Blue,Not Owned,Non-foil,false,,,"","",
"Diregraf Ghoul",1,"Creature - Zombie",B,"isd","97",uncommon,Black,Not Owned,Non-foil,false,,,"","",42432
"Infestation Sage",1,"Creature - Elf Warlock",B,"fdn","64",common,Black,Not Owned,Non-foil,false,,,"","",133696
"Burglar Rat",2,"Creature - Rat",B,"grn","64",common,Black,Not Owned,Non-foil,false,,,"","",69501
"Burglar Rat",2,"Creature - Rat",B,"grn","64",common,Black,Not Owned,Non-foil,false,,,"","",69501
"Gatekeeper of Malakir",2,"Creature - Vampire Warrior",B,"zen","89",uncommon,Black,Not Owned,Non-foil,false,,,"","",34520
"Hungry Ghoul",2,"Creature - Zombie",B,"fdn","62",common,Black,Not Owned,Non-foil,false,,,"","",133692
"Nullpriest of Oblivion",2,"Creature - Vampire Cleric",B,"znr","118",rare,Black,Not Owned,Non-foil,false,,,"","",83203
"Reassembling Skeleton",2,"Creature - Skeleton Warrior",B,"arc","22",uncommon,Black,Not Owned,Non-foil,false,,,"","",
"Sanguine Syphoner",2,"Creature - Vampire Warlock",B,"fdn","68",common,Black,Not Owned,Non-foil,false,,,"","",133704
"Tinybones, Bauble Burglar",2,"Legendary Creature - Skeleton Rogue",B,"fdn","324",rare,Black,Not Owned,Non-foil,false,,,"","",133182
"Vampire Gourmand",2,"Creature - Vampire",B,"fdn","74",uncommon,Black,Not Owned,Non-foil,false,,,"","",133716
"Vampire Interloper",2,"Creature - Vampire Scout",B,"isd","123",common,Black,Not Owned,Non-foil,false,,,"","",42434
"Vengeful Bloodwitch",2,"Creature - Vampire Warlock",B,"fdn","325",uncommon,Black,Not Owned,Non-foil,false,,,"","",133184
"Zul Ashur, Lich Lord",2,"Legendary Creature - Zombie Warlock",B,"fdn","326",rare,Black,Not Owned,Non-foil,false,,,"","",133186
"Abyssal Harvester",3,"Creature - Demon Warlock",B,"fdn","316",rare,Black,Not Owned,Non-foil,false,,,"","",133166
"Gutless Plunderer",3,"Creature - Skeleton Pirate",B,"fdn","60",common,Black,Not Owned,Non-foil,false,,,"","",133688
"Marauding Blight-Priest",3,"Creature - Vampire Cleric",B,"znr","112",common,Black,Not Owned,Non-foil,false,,,"","",83191
"Midnight Reaper",3,"Creature - Zombie Knight",B,"grn","77",rare,Black,Not Owned,Non-foil,false,,,"","",69527
"Nine-Lives Familiar",3,"Creature - Cat",B,"fdn","66",rare,Black,Not Owned,Non-foil,false,,,"","",133700
"Vampire Nighthawk",3,"Creature - Vampire Shaman",B,"zen","116",uncommon,Black,Not Owned,Non-foil,false,,,"","",34530
"Billowing Shriekmass",4,"Creature - Spirit",B,"fdn","56",uncommon,Black,Not Owned,Non-foil,false,,,"","",133680
"Desecration Demon",4,"Creature - Demon",B,"fdn","603",rare,Black,Not Owned,Non-foil,false,,,"","",134542
"Driver of the Dead",4,"Creature - Vampire",B,"fdn","605",common,Black,Not Owned,Non-foil,false,,,"","",134546
"Vile Entomber",4,"Creature - Zombie Warlock",B,"mh2","108",uncommon,Black,Not Owned,Non-foil,false,,,"","",90589
"Bloodthirsty Conqueror",5,"Creature - Vampire Knight",B,"fdn","58",mythic,Black,Not Owned,Non-foil,false,,,"","",133684
"Bloodtithe Collector",5,"Creature - Vampire Noble",B,"fdn","516",uncommon,Black,Not Owned,Non-foil,false,,,"","",134804
"High-Society Hunter",5,"Creature - Vampire Noble",B,"fdn","320",rare,Black,Not Owned,Non-foil,false,,,"","",133174
"Tragic Banshee",5,"Creature - Spirit",B,"fdn","73",uncommon,Black,Not Owned,Non-foil,false,,,"","",133714
"Arbiter of Woe",6,"Creature - Demon",B,"fdn","55",uncommon,Black,Not Owned,Non-foil,false,,,"","",133678
"Crossway Troublemakers",6,"Creature - Vampire",B,"voc","17",rare,Black,Not Owned,Non-foil,false,,,"","",95192
"Massacre Wurm",6,"Creature - Phyrexian Wurm",B,"mbs","46",mythic,Black,Not Owned,Non-foil,false,,,"","",39315
"Rune-Scarred Demon",7,"Creature - Demon",B,"m12","106",rare,Black,Not Owned,Non-foil,false,,,"","",41385
"Liliana, Dreadhorde General",6,"Legendary Planeswalker - Liliana",B,"war","97",mythic,Black,Not Owned,Non-foil,false,,,"","",71800
"Stab",1,"Instant",B,"fdn","71",common,Black,Not Owned,Non-foil,false,,,"","",133710
"Stab",1,"Instant",B,"fdn","71",common,Black,Not Owned,Non-foil,false,,,"","",133710
"Moment of Craving",2,"Instant",B,"rix","79",common,Black,Not Owned,Non-foil,false,,,"","",66611
"Offer Immortality",2,"Instant",B,"one","102",common,Black,Not Owned,Non-foil,false,,,"","",106419
"Hero's Downfall",3,"Instant",B,"ths","90",rare,Black,Not Owned,Non-foil,false,,,"","",50596
"Tribute to Hunger",3,"Instant",B,"isd","119",uncommon,Black,Not Owned,Non-foil,false,,,"","",42468
"Bake into a Pie",4,"Instant",B,"eld","76",common,Black,Not Owned,Non-foil,false,,,"","",78264
"Deadly Plot",4,"Instant",B,"j22","22",uncommon,Black,Not Owned,Non-foil,false,,,"","",
"Eaten Alive",1,"Sorcery",B,"fdn","172",common,Black,Not Owned,Non-foil,false,,,"","",133370
"Eaten Alive",1,"Sorcery",B,"fdn","172",common,Black,Not Owned,Non-foil,false,,,"","",133370
"Feed the Swarm",2,"Sorcery",B,"fdn","712",common,Black,Not Owned,Non-foil,false,,,"","",134434
"Macabre Waltz",2,"Sorcery",B,"fdn","177",common,Black,Not Owned,Non-foil,false,,,"","",133380
"Pilfer",2,"Sorcery",B,"dmu","102",uncommon,Black,Not Owned,Non-foil,false,,,"","",102680
"Seeker's Folly",3,"Sorcery",B,"fdn","69",uncommon,Black,Not Owned,Non-foil,false,,,"","",133706
"Revenge of the Rats",4,"Sorcery",B,"fdn","67",uncommon,Black,Not Owned,Non-foil,false,,,"","",133702
"Sanguine Indulgence",4,"Sorcery",B,"m21","121",common,Black,Not Owned,Non-foil,false,,,"","",81469
"Zombify",4,"Sorcery",B,"fdn","187",uncommon,Black,Not Owned,Non-foil,false,,,"","",133400
"Blasphemous Edict",5,"Sorcery",B,"fdn","317",rare,Black,Not Owned,Non-foil,false,,,"","",133168
"Rise of the Dark Realms",9,"Sorcery",B,"fdn","183",mythic,Black,Not Owned,Non-foil,false,,,"","",133392
"Vampiric Rites",1,"Enchantment",B,"bfz","124",uncommon,Black,Not Owned,Non-foil,false,,,"","",58637
"Phyrexian Arena",3,"Enchantment",B,"apc","47",rare,Black,Not Owned,Non-foil,false,,,"","",16324
"Dragonmaster Outcast",1,"Creature - Human Shaman",R,"wwk","81",mythic,Red,Not Owned,Non-foil,false,,,"","",35569
"Fanatical Firebrand",1,"Creature - Goblin Pirate",R,"rix","101",common,Red,Not Owned,Non-foil,false,,,"","",66655
"Ghitu Lavarunner",1,"Creature - Human Wizard",R,"dom","127",common,Red,Not Owned,Non-foil,false,,,"","",67719
"Kellan, Planar Trailblazer",1,"Legendary Creature - Human Faerie Scout",R,"fdn","330",rare,Red,Not Owned,Non-foil,false,,,"","",133194
"Stromkirk Noble",1,"Creature - Vampire Noble",R,"isd","164",rare,Red,Not Owned,Non-foil,false,,,"","",42554
"Axgard Cavalry",2,"Creature - Dwarf Berserker",R,"khm","121",common,Red,Not Owned,Non-foil,false,,,"","",87575
"Courageous Goblin",2,"Creature - Goblin",R,"fdn","82",common,Red,Not Owned,Non-foil,false,,,"","",133732
"Dragonlord's Servant",2,"Creature - Goblin Shaman",R,"dtk","138",uncommon,Red,Not Owned,Non-foil,false,,,"","",55906
"Firebrand Archer",2,"Creature - Human Archer",R,"hou","92",common,Red,Not Owned,Non-foil,false,,,"","",64668
"Heartfire Immolator",2,"Creature - Human Wizard",R,"m21","150",uncommon,Red,Not Owned,Non-foil,false,,,"","",81527
"Searslicer Goblin",2,"Creature - Goblin Warrior",R,"fdn","332",rare,Red,Not Owned,Non-foil,false,,,"","",133198
"Slumbering Cerberus",2,"Creature - Dog",R,"fdn","94",uncommon,Red,Not Owned,Non-foil,false,,,"","",133756
"Viashino Pyromancer",2,"Creature - Lizard Wizard",R,"m19","166",common,Red,Not Owned,Non-foil,false,,,"","",68493
"Brazen Scourge",3,"Creature - Gremlin",R,"kld","107",uncommon,Red,Not Owned,Non-foil,false,,,"","",61583
"Crackling Cyclops",3,"Creature - Cyclops Wizard",R,"fdn","83",common,Red,Not Owned,Non-foil,false,,,"","",133734
"Dropkick Bomber",3,"Creature - Goblin Warrior",R,"j25","13",rare,Red,Not Owned,Non-foil,false,,,"","",132818
"Firespitter Whelp",3,"Creature - Dragon",R,"j25","14",uncommon,Red,Not Owned,Non-foil,false,,,"","",132820
"Flamewake Phoenix",3,"Creature - Phoenix",R,"frf","100",rare,Red,Not Owned,Non-foil,false,,,"","",55604
"Guttersnipe",3,"Creature - Goblin Shaman",R,"rtr","98",uncommon,Red,Not Owned,Non-foil,false,,,"","",46401
"Taurean Mauler",3,"Creature - Shapeshifter",R,"mor","109",rare,Red,Not Owned,Non-foil,false,,,"","",29202
"Redcap Gutter-Dweller",4,"Creature - Goblin Warrior",R,"woe","146",rare,Red,Not Owned,Non-foil,false,,,"","",116620
"Sower of Chaos",4,"Creature - Devil",R,"fdn","95",common,Red,Not Owned,Non-foil,false,,,"","",133758
"Strongbox Raider",4,"Creature - Orc Pirate",R,"fdn","96",uncommon,Red,Not Owned,Non-foil,false,,,"","",133760
"Volley Veteran",4,"Creature - Goblin Warrior",R,"m19","168",uncommon,Red,Not Owned,Non-foil,false,,,"","",68497
"Dragon Trainer",5,"Creature - Human",R,"fdn","84",uncommon,Red,Not Owned,Non-foil,false,,,"","",133736
"Gorehorn Raider",5,"Creature - Minotaur Pirate",R,"fdn","89",common,Red,Not Owned,Non-foil,false,,,"","",133746
"Rapacious Dragon",5,"Creature - Dragon",R,"m20","153",uncommon,Red,Not Owned,Non-foil,false,,,"","",73205
"Twinflame Tyrant",5,"Creature - Dragon",R,"fdn","97",mythic,Red,Not Owned,Non-foil,false,,,"","",133762
"Etali, Primal Storm",6,"Legendary Creature - Elder Dinosaur",R,"rix","100",rare,Red,Not Owned,Non-foil,false,,,"","",66653
"Lathliss, Dragon Queen",6,"Legendary Creature - Dragon",R,"fdn","627",rare,Red,Not Owned,Non-foil,false,,,"","",134590
"Drakuseth, Maw of Flames",7,"Legendary Creature - Dragon",R,"m20","136",rare,Red,Not Owned,Non-foil,false,,,"","",73171
"Terror of Mount Velus",7,"Creature - Dragon",R,"thb","295",rare,Red,Not Owned,Non-foil,false,,,"","",80005
"Chandra, Flameshaper",7,"Legendary Planeswalker - Chandra",R,"fdn","360",mythic,Red,Not Owned,Non-foil,false,,,"","",133114
"Burst Lightning",1,"Instant",R,"fdn","192",common,Red,Not Owned,Non-foil,false,,,"","",133410
"Burst Lightning",1,"Instant",R,"fdn","192",common,Red,Not Owned,Non-foil,false,,,"","",133410
"Abrade",2,"Instant",R,"hou","83",uncommon,Red,Not Owned,Non-foil,false,,,"","",64650
"Bulk Up",2,"Instant",R,"fdn","80",uncommon,Red,Not Owned,Non-foil,false,,,"","",133728
"Scorching Dragonfire",2,"Instant",R,"eld","139",common,Red,Not Owned,Non-foil,false,,,"","",78408
"Thrill of Possibility",2,"Instant",R,"eld","146",common,Red,Not Owned,Non-foil,false,,,"","",78422
"Fiery Annihilation",3,"Instant",R,"fdn","86",uncommon,Red,Not Owned,Non-foil,false,,,"","",133740
"Goblin Surprise",3,"Instant",R,"j25","16",uncommon,Red,Not Owned,Non-foil,false,,,"","",132824
"Crash Through",1,"Sorcery",R,"hou","88",common,Red,Not Owned,Non-foil,false,,,"","",64660
"Dragon Fodder",2,"Sorcery",R,"ala","97",common,Red,Not Owned,Non-foil,false,,,"","",31003
"Obliterating Bolt",2,"Sorcery",R,"bro","145",uncommon,Red,Not Owned,Non-foil,false,,,"","",104908
"Electroduplicate",3,"Sorcery",R,"fdn","328",rare,Red,Not Owned,Non-foil,false,,,"","",133190
"Seize the Spoils",3,"Sorcery",R,"fdn","546",common,Red,Not Owned,Non-foil,false,,,"","",134864
"Seize the Spoils",3,"Sorcery",R,"fdn","546",common,Red,Not Owned,Non-foil,false,,,"","",134864
"Slagstorm",3,"Sorcery",R,"mbs","75",rare,Red,Not Owned,Non-foil,false,,,"","",39523
"Involuntary Employment",4,"Sorcery",R,"fdn","203",common,Red,Not Owned,Non-foil,false,,,"","",133432
"Involuntary Employment",4,"Sorcery",R,"fdn","203",common,Red,Not Owned,Non-foil,false,,,"","",133432
"Carnelian Orb of Dragonkind",3,"Artifact",R,"clb","166",common,Red,Not Owned,Non-foil,false,,,"","",
"Goblin Oriflamme",2,"Enchantment",R,"mh1","130",uncommon,Red,Not Owned,Non-foil,false,,,"","",72632
"Impact Tremors",2,"Enchantment",R,"dtk","140",common,Red,Not Owned,Non-foil,false,,,"","",56250
"Rite of the Dragoncaller",6,"Enchantment",R,"fdn","331",mythic,Red,Not Owned,Non-foil,false,,,"","",133196
"Llanowar Elves",1,"Creature - Elf Druid",G,"fdn","227",common,Green,Not Owned,Non-foil,false,,,"","",133480
"Llanowar Elves",1,"Creature - Elf Druid",G,"lea","210",common,Green,Not Owned,Non-foil,false,,,"","",
"Mild-Mannered Librarian",1,"Creature - Human",G,"j22","41",uncommon,Green,Not Owned,Non-foil,false,,,"","",
"Druid of the Cowl",2,"Creature - Elf Druid",G,"aer","106",common,Green,Not Owned,Non-foil,false,,,"","",62761
"Dwynen's Elite",2,"Creature - Elf Warrior",G,"ori","173",uncommon,Green,Not Owned,Non-foil,false,,,"","",58074
"Fynn, the Fangbearer",2,"Legendary Creature - Human Warrior",G,"khm","170",uncommon,Green,Not Owned,Non-foil,false,,,"","",87679
"Gnarlid Colony",2,"Creature - Beast",G,"znr","185",common,Green,Not Owned,Non-foil,false,,,"","",83355
"Nessian Hornbeetle",2,"Creature - Insect",G,"thb","182",uncommon,Green,Not Owned,Non-foil,false,,,"","",79488
"Scavenging Ooze",2,"Creature - Ooze",G,"cmd","170",rare,Green,Not Owned,Non-foil,false,,,"","",40630
"Thornweald Archer",2,"Creature - Elf Archer",G,"fut","154",common,Green,Not Owned,Non-foil,false,,,"","",26716
"Venom Connoisseur",2,"Creature - Human Druid",G,"snc","161",uncommon,Green,Not Owned,Non-foil,false,,,"","",98541
"Wildborn Preserver",2,"Creature - Elf Archer",G,"eld","182",rare,Green,Not Owned,Non-foil,false,,,"","",78508
"Beast-Kin Ranger",3,"Creature - Elf Ranger",G,"fdn","100",common,Green,Not Owned,Non-foil,false,,,"","",133768
"Fierce Empath",3,"Creature - Elf",G,"fdn","636",common,Green,Not Owned,Non-foil,false,,,"","",134608
"Imperious Perfect",3,"Creature - Elf Warrior",G,"fdn","719",uncommon,Green,Not Owned,Non-foil,false,,,"","",134448
"Loot, Exuberant Explorer",3,"Legendary Creature - Beast Noble",G,"fdn","106",rare,Green,Not Owned,Non-foil,false,,,"","",133780
"Mossborn Hydra",3,"Creature - Elemental Hydra",G,"fdn","107",rare,Green,Not Owned,Non-foil,false,,,"","",133782
"Predator Ooze",3,"Creature - Ooze",G,"dka","124",rare,Green,Not Owned,Non-foil,false,,,"","",43447
"Spinner of Souls",3,"Creature - Spider Spirit",G,"fdn","112",rare,Green,Not Owned,Non-foil,false,,,"","",133792
"Springbloom Druid",3,"Creature - Elf Druid",G,"fdn","646",common,Green,Not Owned,Non-foil,false,,,"","",134628
"Springbloom Druid",3,"Creature - Elf Druid",G,"fdn","646",common,Green,Not Owned,Non-foil,false,,,"","",134628
"Thrashing Brontodon",3,"Creature - Dinosaur",G,"rix","148",uncommon,Green,Not Owned,Non-foil,false,,,"","",66749
"Dwynen, Gilt-Leaf Daen",4,"Legendary Creature - Elf Warrior",G,"ori","172",rare,Green,Not Owned,Non-foil,false,,,"","",57800
"Elvish Regrower",4,"Creature - Elf Druid",G,"fdn","104",uncommon,Green,Not Owned,Non-foil,false,,,"","",133776
"Gnarlback Rhino",4,"Creature - Rhino",G,"m20","300",uncommon,Green,Not Owned,Non-foil,false,,,"","",73517
"Surrak, the Hunt Caller",4,"Legendary Creature - Human Warrior",G,"dtk","210",rare,Green,Not Owned,Non-foil,false,,,"","",56146
"Treetop Snarespinner",4,"Creature - Spider",G,"fdn","114",common,Green,Not Owned,Non-foil,false,,,"","",133796
"Vizier of the Menagerie",4,"Creature - Snake Cleric",G,"akh","192",mythic,Green,Not Owned,Non-foil,false,,,"","",63986
"Heroes' Bane",5,"Creature - Hydra",G,"jou","126",rare,Green,Not Owned,Non-foil,false,,,"","",52162
"Needletooth Pack",5,"Creature - Dinosaur",G,"fdn","108",uncommon,Green,Not Owned,Non-foil,false,,,"","",133784
"Aggressive Mammoth",6,"Creature - Elephant",G,"m19","302",rare,Green,Not Owned,Non-foil,false,,,"","",68137
"Quilled Greatwurm",6,"Creature - Wurm",G,"fdn","111",mythic,Green,Not Owned,Non-foil,false,,,"","",133790
"Rampaging Baloths",6,"Creature - Beast",G,"zen","178",mythic,Green,Not Owned,Non-foil,false,,,"","",34674
"Pelakka Wurm",7,"Creature - Wurm",G,"roe","204",uncommon,Green,Not Owned,Non-foil,false,,,"","",36616
"Ghalta, Primal Hunger",12,"Legendary Creature - Elder Dinosaur",G,"rix","130",rare,Green,Not Owned,Non-foil,false,,,"","",66713
"Vivien Reid",5,"Legendary Planeswalker - Vivien",G,"m19","208",mythic,Green,Not Owned,Non-foil,false,,,"","",68577
"Giant Growth",1,"Instant",G,"lea","197",common,Green,Not Owned,Non-foil,false,,,"","",
"Snakeskin Veil",1,"Instant",G,"khm","194",common,Green,Not Owned,Non-foil,false,,,"","",87731
"Bite Down",2,"Instant",G,"dmu","155",common,Green,Not Owned,Non-foil,false,,,"","",102786
"Broken Wings",3,"Instant",G,"znr","181",common,Green,Not Owned,Non-foil,false,,,"","",83347
"Inspiring Call",3,"Instant",G,"dtk","191",uncommon,Green,Not Owned,Non-foil,false,,,"","",55972
"Bushwhack",1,"Sorcery",G,"bro","174",uncommon,Green,Not Owned,Non-foil,false,,,"","",104966
"Bushwhack",1,"Sorcery",G,"bro","174",uncommon,Green,Not Owned,Non-foil,false,,,"","",104966
"Primal Might",1,"Sorcery",G,"m21","197",rare,Green,Not Owned,Non-foil,false,,,"","",81621
"Felling Blow",3,"Sorcery",G,"fdn","105",uncommon,Green,Not Owned,Non-foil,false,,,"","",133778
"Genesis Wave",3,"Sorcery",G,"som","122",rare,Green,Not Owned,Non-foil,false,,,"","",38189
"Grow from the Ashes",3,"Sorcery",G,"dom","164",common,Green,Not Owned,Non-foil,false,,,"","",67793
"Circuitous Route",4,"Sorcery",G,"grn","125",uncommon,Green,Not Owned,Non-foil,false,,,"","",69623
"Overrun",5,"Sorcery",G,"tmp","243",uncommon,Green,Not Owned,Non-foil,false,,,"","",10031
"Joraga Invocation",6,"Sorcery",G,"ori","183",uncommon,Green,Not Owned,Non-foil,false,,,"","",58070
"Ordeal of Nylea",2,"Enchantment - Aura",G,"ths","170",uncommon,Green,Not Owned,Non-foil,false,,,"","",50234
"Garruk's Uprising",3,"Enchantment",G,"m21","186",uncommon,Green,Not Owned,Non-foil,false,,,"","",81599
"Sylvan Scavenging",3,"Enchantment",G,"fdn","113",rare,Green,Not Owned,Non-foil,false,,,"","",133794
"Primeval Bounty",6,"Enchantment",G,"fdn","644",mythic,Green,Not Owned,Non-foil,false,,,"","",134624
"Three Tree Mascot",2,"Artifact Creature - Shapeshifter",,"blb","251",common,Colorless,Not Owned,Non-foil,false,,,"","",129747
"Adaptive Automaton",3,"Artifact Creature - Construct",,"m12","201",rare,Colorless,Not Owned,Non-foil,false,,,"","",41577
"Burnished Hart",3,"Artifact Creature - Elk",,"ths","213",uncommon,Colorless,Not Owned,Non-foil,false,,,"","",50248
"Scrawling Crawler",3,"Artifact Creature - Phyrexian Construct",,"fdn","132",rare,Colorless,Not Owned,Non-foil,false,,,"","",133832
"Solemn Simulacrum",4,"Artifact Creature - Golem",,"mrd","245",rare,Colorless,Not Owned,Non-foil,false,,,"","",20209
"Steel Hellkite",6,"Artifact Creature - Dragon",,"som","205",rare,Colorless,Not Owned,Non-foil,false,,,"","",38161
"Meteor Golem",7,"Artifact Creature - Golem",,"m19","241",uncommon,Colorless,Not Owned,Non-foil,false,,,"","",68645
"Sire of Seven Deaths",7,"Creature - Eldrazi",,"fdn","1",mythic,Colorless,Not Owned,Non-foil,false,,,"","",133570
"Gate Colossus",8,"Artifact Creature - Construct",,"rna","232",uncommon,Colorless,Not Owned,Non-foil,false,,,"","",71504
"Basilisk Collar",1,"Artifact - Equipment",,"wwk","122",rare,Colorless,Not Owned,Non-foil,false,,,"","",35695
"Goldvein Pick",2,"Artifact - Equipment",,"khm","239",common,Colorless,Not Owned,Non-foil,false,,,"","",87821
"Goldvein Pick",2,"Artifact - Equipment",,"khm","239",common,Colorless,Not Owned,Non-foil,false,,,"","",87821
"Mazemind Tome",2,"Artifact",,"m21","232",rare,Colorless,Not Owned,Non-foil,false,,,"","",81691
"Ravenous Amulet",2,"Artifact",,"fdn","131",uncommon,Colorless,Not Owned,Non-foil,false,,,"","",133830
"Swiftfoot Boots",2,"Artifact - Equipment",,"m12","219",uncommon,Colorless,Not Owned,Non-foil,false,,,"","",41445
"Cultivator's Caravan",3,"Artifact - Vehicle",,"kld","203",rare,Colorless,Not Owned,Non-foil,false,,,"","",62045
"Heraldic Banner",3,"Artifact",,"eld","222",uncommon,Colorless,Not Owned,Non-foil,false,,,"","",78590
"Hedron Archive",4,"Artifact",,"bfz","223",uncommon,Colorless,Not Owned,Non-foil,false,,,"","",58511
"Leyline Axe",4,"Artifact - Equipment",,"fdn","129",rare,Colorless,Not Owned,Non-foil,false,,,"","",133826
"Gilded Lotus",5,"Artifact",,"fdn","725",rare,Colorless,Not Owned,Non-foil,false,,,"","",134460
"Empyrean Eagle",3,"Creature - Bird Spirit",UW,"m20","208",uncommon,Multicolored,Not Owned,Non-foil,false,,,"","",73315
"Kykar, Zephyr Awakener",4,"Legendary Creature - Bird Wizard",UW,"fdn","122",rare,Multicolored,Not Owned,Non-foil,false,,,"","",133812
"Cloudblazer",5,"Creature - Human Scout",UW,"kld","176",uncommon,Multicolored,Not Owned,Non-foil,false,,,"","",62035
"Drogskol Reaver",7,"Creature - Spirit",UW,"dka","137",mythic,Multicolored,Not Owned,Non-foil,false,,,"","",43439
"Dreadwing Scavenger",3,"Creature - Nightmare Bird",BU,"fdn","118",uncommon,Multicolored,Not Owned,Non-foil,false,,,"","",133804
"Mystical Teachings",4,"Instant",BU,"tsp","69",common,Multicolored,Not Owned,Non-foil,false,,,"","",25589
"Consuming Aberration",5,"Creature - Horror",BU,"gtc","152",rare,Multicolored,Not Owned,Non-foil,false,,,"","",47899
"Alesha, Who Laughs at Fate",3,"Legendary Creature - Human Warrior",BR,"fdn","115",rare,Multicolored,Not Owned,Non-foil,false,,,"","",133798
"Perforating Artist",3,"Creature - Devil",BR,"fdn","124",uncommon,Multicolored,Not Owned,Non-foil,false,,,"","",133816
"Garna, Bloodfist of Keld",4,"Legendary Creature - Human Berserker",BR,"dmu","200",uncommon,Multicolored,Not Owned,Non-foil,false,,,"","",102876
"Immersturm Predator",4,"Creature - Vampire Dragon",BR,"khm","214",rare,Multicolored,Not Owned,Non-foil,false,,,"","",87771
"Ruby, Daring Tracker",2,"Legendary Creature - Human Scout",GR,"woe","212",uncommon,Multicolored,Not Owned,Non-foil,false,,,"","",116768
"Ashroot Animist",4,"Creature - Lizard Druid",GR,"fdn","117",rare,Multicolored,Not Owned,Non-foil,false,,,"","",133802
"Halana and Alena, Partners",4,"Legendary Creature - Human Ranger",GR,"vow","239",rare,Multicolored,Not Owned,Non-foil,false,,,"","",94854
"Savage Ventmaw",6,"Creature - Dragon",GR,"dtk","231",uncommon,Multicolored,Not Owned,Non-foil,false,,,"","",56424
"Dryad Militant",1,"Creature - Dryad Soldier",GW,"rtr","214",uncommon,Multicolored,Not Owned,Non-foil,false,,,"","",46411
"Anthem of Champions",2,"Enchantment",GW,"fdn","116",rare,Multicolored,Not Owned,Non-foil,false,,,"","",133800
"Good-Fortune Unicorn",3,"Creature - Unicorn",GW,"mh1","201",uncommon,Multicolored,Not Owned,Non-foil,false,,,"","",72774
"Wilt-Leaf Liege",4,"Creature - Elf Knight",GW,"shm","245",rare,Multicolored,Not Owned,Non-foil,false,,,"","",29575
"Ayli, Eternal Pilgrim",2,"Legendary Creature - Kor Cleric",BW,"ogw","151",rare,Multicolored,Not Owned,Non-foil,false,,,"","",59583
"Mortify",3,"Instant",BW,"gpt","122",uncommon,Multicolored,Not Owned,Non-foil,false,,,"","",23749
"Elenda, Saint of Dusk",4,"Legendary Creature - Vampire Knight",BW,"fdn","119",rare,Multicolored,Not Owned,Non-foil,false,,,"","",133806
"Fiendish Panda",4,"Creature - Bear Demon",BW,"fdn","120",uncommon,Multicolored,Not Owned,Non-foil,false,,,"","",133808
"Balmor, Battlemage Captain",2,"Legendary Creature - Bird Wizard",RU,"dmu","196",uncommon,Multicolored,Not Owned,Non-foil,false,,,"","",102868
"Enigma Drake",3,"Creature - Drake",RU,"akh","198",uncommon,Multicolored,Not Owned,Non-foil,false,,,"","",63998
"Thousand-Year Storm",6,"Enchantment",RU,"grn","207",mythic,Multicolored,Not Owned,Non-foil,false,,,"","",69787
"Ovika, Enigma Goliath",7,"Legendary Creature - Phyrexian Nightmare",RU,"one","213",rare,Multicolored,Not Owned,Non-foil,false,,,"","",106641
"Deadly Brew",2,"Sorcery",BG,"stx","176",uncommon,Multicolored,Not Owned,Non-foil,false,,,"","",88859
"Maelstrom Pulse",3,"Sorcery",BG,"arb","92",rare,Multicolored,Not Owned,Non-foil,false,,,"","",32388
"Lathril, Blade of the Elves",4,"Legendary Creature - Elf Noble",BG,"khc","1",mythic,Multicolored,Not Owned,Non-foil,false,,,"","",88146
"Wardens of the Cycle",4,"Creature - Elf Warlock",BG,"fdn","125",uncommon,Multicolored,Not Owned,Non-foil,false,,,"","",133818
"Boros Charm",2,"Instant",RW,"gtc","148",uncommon,Multicolored,Not Owned,Non-foil,false,,,"","",47477
"Swiftblade Vindicator",2,"Creature - Human Soldier",RW,"grn","203",rare,Multicolored,Not Owned,Non-foil,false,,,"","",69779
"Heroic Reinforcements",4,"Sorcery",RW,"m19","217",uncommon,Multicolored,Not Owned,Non-foil,false,,,"","",68595
"Aurelia, the Warleader",6,"Legendary Creature - Angel",RW,"fdn","651",mythic,Multicolored,Not Owned,Non-foil,false,,,"","",134638
"Zimone, Paradox Sculptor",4,"Legendary Creature - Human Wizard",GU,"fdn","126",mythic,Multicolored,Not Owned,Non-foil,false,,,"","",133820
"Tatyova, Benthic Druid",5,"Legendary Creature - Merfolk Druid",GU,"dom","206",uncommon,Multicolored,Not Owned,Non-foil,false,,,"","",67877
"Prime Speaker Zegana",6,"Legendary Creature - Merfolk Wizard",GU,"fdn","664",rare,Multicolored,Not Owned,Non-foil,false,,,"","",134664
"Koma, World-Eater",7,"Legendary Creature - Serpent",GU,"fdn","121",rare,Multicolored,Not Owned,Non-foil,false,,,"","",133810
"Muldrotha, the Gravetide",6,"Legendary Creature - Elemental Avatar",BGU,"fdn","243",mythic,Multicolored,Not Owned,Non-foil,false,,,"","",133512
"Ramos, Dragon Engine",6,"Legendary Artifact Creature - Dragon",,"c17","55",mythic,Multicolored,Not Owned,Non-foil,false,,,"","",73882
"Azorius Guildgate",0,"Land - Gate",UW,"rtr","237",common,Lands,Not Owned,Non-foil,false,,,"","",46379
"Azorius Guildgate",0,"Land - Gate",UW,"rtr","237",common,Lands,Not Owned,Non-foil,false,,,"","",46379
"Temple of Enlightenment",0,"Land",UW,"bng","163",rare,Lands,Not Owned,Non-foil,false,,,"","",51561
"Tranquil Cove",0,"Land",UW,"ktk","246",common,Lands,Not Owned,Non-foil,false,,,"","",54464
"Dimir Guildgate",0,"Land - Gate",BU,"gtc","241",common,Lands,Not Owned,Non-foil,false,,,"","",47451
"Dimir Guildgate",0,"Land - Gate",BU,"gtc","241",common,Lands,Not Owned,Non-foil,false,,,"","",47451
"Dismal Backwater",0,"Land",BU,"ktk","232",common,Lands,Not Owned,Non-foil,false,,,"","",54466
"Temple of Deceit",0,"Land",BU,"ths","225",rare,Lands,Not Owned,Non-foil,false,,,"","",50264
"Bloodfell Caves",0,"Land",BR,"ktk","229",common,Lands,Not Owned,Non-foil,false,,,"","",54468
"Rakdos Guildgate",0,"Land - Gate",BR,"rtr","244",common,Lands,Not Owned,Non-foil,false,,,"","",46381
"Rakdos Guildgate",0,"Land - Gate",BR,"rtr","244",common,Lands,Not Owned,Non-foil,false,,,"","",46381
"Temple of Malice",0,"Land",BR,"bng","164",rare,Lands,Not Owned,Non-foil,false,,,"","",51563
"Gruul Guildgate",0,"Land - Gate",GR,"gtc","243",common,Lands,Not Owned,Non-foil,false,,,"","",47455
"Gruul Guildgate",0,"Land - Gate",GR,"gtc","243",common,Lands,Not Owned,Non-foil,false,,,"","",47455
"Rugged Highlands",0,"Land",GR,"ktk","240",common,Lands,Not Owned,Non-foil,false,,,"","",54470
"Temple of Abandon",0,"Land",GR,"ths","224",rare,Lands,Not Owned,Non-foil,false,,,"","",50266
"Blossoming Sands",0,"Land",GW,"ktk","231",common,Lands,Not Owned,Non-foil,false,,,"","",54472
"Selesnya Guildgate",0,"Land - Gate",GW,"rtr","246",common,Lands,Not Owned,Non-foil,false,,,"","",46377
"Selesnya Guildgate",0,"Land - Gate",GW,"rtr","246",common,Lands,Not Owned,Non-foil,false,,,"","",46377
"Temple of Plenty",0,"Land",GW,"bng","165",rare,Lands,Not Owned,Non-foil,false,,,"","",51565
"Orzhov Guildgate",0,"Land - Gate",BW,"gtc","244",common,Lands,Not Owned,Non-foil,false,,,"","",47621
"Orzhov Guildgate",0,"Land - Gate",BW,"gtc","244",common,Lands,Not Owned,Non-foil,false,,,"","",47621
"Scoured Barrens",0,"Land",BW,"ktk","242",common,Lands,Not Owned,Non-foil,false,,,"","",54070
"Temple of Silence",0,"Land",BW,"ths","227",rare,Lands,Not Owned,Non-foil,false,,,"","",50268
"Izzet Guildgate",0,"Land - Gate",RU,"rtr","242",common,Lands,Not Owned,Non-foil,false,,,"","",46809
"Izzet Guildgate",0,"Land - Gate",RU,"rtr","242",common,Lands,Not Owned,Non-foil,false,,,"","",46809
"Swiftwater Cliffs",0,"Land",RU,"ktk","243",common,Lands,Not Owned,Non-foil,false,,,"","",54076
"Temple of Epiphany",0,"Land",RU,"jou","164",rare,Lands,Not Owned,Non-foil,false,,,"","",51966
"Golgari Guildgate",0,"Land - Gate",BG,"rtr","239",common,Lands,Not Owned,Non-foil,false,,,"","",46383
"Golgari Guildgate",0,"Land - Gate",BG,"rtr","239",common,Lands,Not Owned,Non-foil,false,,,"","",46383
"Jungle Hollow",0,"Land",BG,"ktk","235",common,Lands,Not Owned,Non-foil,false,,,"","",54072
"Temple of Malady",0,"Land",BG,"jou","165",rare,Lands,Not Owned,Non-foil,false,,,"","",51968
"Boros Guildgate",0,"Land - Gate",RW,"gtc","239",common,Lands,Not Owned,Non-foil,false,,,"","",47449
"Boros Guildgate",0,"Land - Gate",RW,"gtc","239",common,Lands,Not Owned,Non-foil,false,,,"","",47449
"Temple of Triumph",0,"Land",RW,"ths","228",rare,Lands,Not Owned,Non-foil,false,,,"","",50270
"Wind-Scarred Crag",0,"Land",RW,"ktk","247",common,Lands,Not Owned,Non-foil,false,,,"","",54078
"Simic Guildgate",0,"Land - Gate",GU,"gtc","246",common,Lands,Not Owned,Non-foil,false,,,"","",47457
"Simic Guildgate",0,"Land - Gate",GU,"gtc","246",common,Lands,Not Owned,Non-foil,false,,,"","",47457
"Temple of Mystery",0,"Land",GU,"ths","226",rare,Lands,Not Owned,Non-foil,false,,,"","",50272
"Thornwood Falls",0,"Land",GU,"ktk","244",common,Lands,Not Owned,Non-foil,false,,,"","",54074
"Crawling Barrens",0,"Land",,"znr","262",rare,Lands,Not Owned,Non-foil,false,,,"","",83527
"Cryptic Caves",0,"Land",,"m20","244",uncommon,Lands,Not Owned,Non-foil,false,,,"","",73387
"Evolving Wilds",0,"Land",,"fdn","262",common,Lands,Not Owned,Non-foil,false,,,"","",133550
"Evolving Wilds",0,"Land",,"roe","228",common,Lands,Not Owned,Non-foil,false,,,"","",36440
